{"cameraMode":{"drawMode":0,"name":"Shaded","section":"Shading Mode"},"sceneLighting":true,"audioPlay":false,"sceneViewState":{"showFog":true,"showMaterialUpdate":false,"showSkybox":true,"showFlares":true,"showImageEffects":true,"showParticleSystems":true,"showVisualEffectGraphs":true,"m_FxEnabled":true},"in2DMode":false,"pivot":{"x":-0.4341144561767578,"y":3.0467028617858888,"z":22.232501983642579},"rotation":{"x":-0.36789384484291079,"y":0.017292043194174768,"z":-0.006840429734438658,"w":-0.9296871423721314},"size":7.865815162658691,"orthographic":false}